<nodeDefs>
  <nodeDef id="RainMachine" nodeType="139" nls="ctl">
    <sts>
      <st id="ST" editor="bool" />
      <st id="GV0" editor="I_STATE" />
      <st id="GV1" editor="I_STATE" />
      <st id="GV2" editor="I_MINUTES" />
      <st id="GV3" editor="I_STATE" />

    </sts>
    <cmds>
      <sends />
      <accepts>
        <cmd id="DISCOVER" />
        <cmd id="REMOVE_NOTICES_ALL" />
        <cmd id="UPDATE_PROFILE" />
      </accepts>
    </cmds>
  </nodeDef>

  <nodeDef id="zone" nodeType="139" nls="RM">
    <sts>
      <st id="ST" editor="I_ZONESTATUS" />
      <st id="GV0" editor="I_SECONDS" />
    </sts>
  </nodeDef>
 </nodeDefs>